{"cameraMode":{"drawMode":0,"name":"Shaded","section":"Shading Mode"},"sceneLighting":true,"audioPlay":false,"sceneViewState":{"m_AlwaysRefresh":false,"showFog":true,"showSkybox":true,"showFlares":false,"showImageEffects":true,"showParticleSystems":true,"showVisualEffectGraphs":true,"m_FxEnabled":true},"in2DMode":false,"pivot":{"x":11.475054740905762,"y":1.0934240818023682,"z":2.6274704933166506},"rotation":{"x":0.12493877857923508,"y":0.5725616216659546,"z":-0.0888177827000618,"w":0.8054083585739136},"size":50.95414352416992,"orthographic":false}