{"cameraMode":{"drawMode":0,"name":"Shaded","section":"Shading Mode"},"sceneLighting":true,"audioPlay":false,"sceneViewState":{"showFog":true,"showMaterialUpdate":false,"showSkybox":true,"showFlares":false,"showImageEffects":true,"showParticleSystems":true},"in2DMode":false,"pivot":{"x":210.3290557861328,"y":-0.6046462059020996,"z":195.25439453125},"rotation":{"x":0.05674825608730316,"y":0.8610510230064392,"z":-0.09858723729848862,"w":0.49563345313072207},"size":10.925183296203614,"orthographic":false}